documento,status,erro,tipo_imovel,endereco,area_privativa_m2,area_total_m2,area_terreno_m2,area_construida_m2,ano_construcao,valor_avaliacao_brl,matricula,onus,tem_onus,data_vistoria,responsavel_tecnico,registro_profissional,tipo_imovel_evidencia,endereco_evidencia,area_privativa_m2_evidencia,area_total_m2_evidencia,area_terreno_m2_evidencia,area_construida_m2_evidencia,ano_construcao_evidencia,valor_avaliacao_brl_evidencia,matricula_evidencia,onus_evidencia,tem_onus_evidencia,data_vistoria_evidencia,responsavel_tecnico_evidencia,registro_profissional_evidencia,tipo_imovel_confianca,endereco_confianca,area_privativa_m2_confianca,area_total_m2_confianca,area_terreno_m2_confianca,area_construida_m2_confianca,ano_construcao_confianca,valor_avaliacao_brl_confianca,matricula_confianca,onus_confianca,tem_onus_confianca,data_vistoria_confianca,responsavel_tecnico_confianca,registro_profissional_confianca,avisos
laudo_01.txt,ok,,apartamento,"Rua das Acácias, 145, ap. 82 - Vila Mariana, São Paulo/SP",78.4,102.1,,,2014,642000.0,184.772,Ônus: não foram identificados ônus na certidão analisada.,False,2025-03-12,Marina Albuquerque,CREA-SP 5061234567,apartamento,"Endereço: Rua das Acácias, 145, ap. 82 - Vila Mariana, São Paulo/SP","Área privativa: 78,40 m²","área total: 102,10 m²",,,Ano de construção: 2014,"R$ 642.000,00",Matrícula: 184.772,Ônus: não foram identificados ônus na certidão analisada.,Ônus: não foram identificados ônus na certidão analisada.,12/03/2025,Responsável técnico: Eng. Marina Albuquerque - CREA-SP 5061234567.,CREA-SP 5061234567,alta,alta,alta,alta,,,alta,alta,alta,alta,alta,alta,media,alta,[]
laudo_02.txt,ok,,casa,"Av. Central, 900, bloco B, Belo Horizonte - MG",,,250.0,146.0,2008,680000.0,,Certidão: sem gravames conhecidos.,False,2025-03-18,Carlos Henrique Moura,CAU A123456-7,casa,"Localização do bem: Av. Central, 900, bloco B, Belo Horizonte - MG.",,,lote de 250 m²,"146,00 m2 de área construída",Construída em 2008,R$ 680.000,,Certidão: sem gravames conhecidos.,Certidão: sem gravames conhecidos.,18/03/2025,"Avaliador: Carlos Henrique Moura, CAU A123456-7.",CAU A123456-7,alta,alta,,,alta,alta,alta,alta,,alta,alta,alta,media,alta,[]
laudo_03.txt,ok,,sala_comercial,"Em 22 de março de 2025 vistoriamos a sala comercial 503, Edifício Horizonte, Rua do Comércio, 77, Curitiba/PR",,,,,,395500.0,77.201,Consta alienação fiduciária em favor de instituição financeira; recomenda-se atualização da certidão.,True,2025-03-22,Beatriz Nunes,CAU A987654-3,sala comercial,"Em 22 de março de 2025 vistoriamos a sala comercial 503, Edifício Horizonte, Rua do Comércio, 77, Curitiba/PR.",,,,,,"R$ 395.500,00",Matrícula 77.201,Consta alienação fiduciária em favor de instituição financeira; recomenda-se atualização da certidão.,Consta alienação fiduciária em favor de instituição financeira; recomenda-se atualização da certidão.,22 de março de 2025,Responsável: Arq. Beatriz Nunes (CAU A987654-3).,CAU A987654-3,alta,baixa,,,,,,alta,alta,alta,alta,alta,media,alta,[]
laudo_04.txt,ok,,terreno,"Lote 18, Quadra F, Rua Ipê Amarelo, Goiânia/GO",,,360.0,,,218000.0,102.334,Ônus e restrições: nada informado no documento apresentado,,2025-04-02,Paulo Sérgio Reis,CREA 12345/D-GO,terreno,"Endereço do imóvel: Lote 18, Quadra F, Rua Ipê Amarelo, Goiânia/GO",,,Área do terreno: 360 m2,,,R$ 218.000,Matrícula 102.334,Ônus e restrições: nada informado no documento apresentado,,02/04/2025,"RT: Paulo Sérgio Reis, CREA 12345/D-GO",CREA 12345/D-GO,alta,alta,,,alta,,,alta,alta,alta,,alta,media,alta,[]
laudo_05.txt,ok,,imovel_rural,,,,48000.0,310.0,1999,1275000.0,32.110,Ônus: reserva legal registrada; não foi apontada hipoteca.,True,2025-04-07,João A. Farias,CREA-SP 5076543210,imóvel rural,,,,"Área do terreno: 4,8 ha",benfeitorias construídas: 310 m²,Ano das edificações: 1999,"R$ 1.275.000,00",Matrícula 32.110,Ônus: reserva legal registrada; não foi apontada hipoteca.,Ônus: reserva legal registrada; não foi apontada hipoteca.,07/04/2025,"Perito avaliador: João A. Farias, CREA-SP 5076543210.",CREA-SP 5076543210,alta,,,,alta,alta,alta,alta,alta,alta,alta,alta,media,alta,[]
laudo_06.txt,ok,,apartamento,"Apartamento situado à Rua das Palmeiras, 1.210, Recife/PE, CEP 50000-100",61.0,84.0,,,2018,455000.0,9.876,Não consta informação sobre ônus.,,2025-04-15,Fernanda Lins,CREA 18001/PE,Apartamento,"Apartamento situado à Rua das Palmeiras, 1.210, Recife/PE, CEP 50000-100.",Área privativa 61m²,área total 84m²,,,2018 de construção,"R$ 455.000,00",Matrícula: 9.876,Não consta informação sobre ônus.,,15/04/2025,"Responsável técnico: Fernanda Lins, CREA 18001/PE.",CREA 18001/PE,alta,baixa,alta,alta,,,alta,alta,alta,alta,,alta,media,alta,[]
laudo_07.txt,ok,,casa,"Casa geminada, Rua Azul, 33, bairro Jardim Europa, Porto Alegre - RS",,,125.0,92.5,2011,372000.0,66.504,"Há penhora averbada, conforme documento consultado em 20/04/2025.",True,2025-04-20,Rafael Costa,CREA-RS 222333,Casa,"Casa geminada, Rua Azul, 33, bairro Jardim Europa, Porto Alegre - RS.",,,"Terreno 125,00 m²","área edificada 92,50 m²",Ano de construção informado pelo proprietário: 2011,"R$ 372.000,00",Matrícula 66.504,"Há penhora averbada, conforme documento consultado em 20/04/2025.","Há penhora averbada, conforme documento consultado em 20/04/2025.",20-04-2025,"Responsável: Eng. Rafael Costa, CREA-RS 222333.",CREA-RS 222333,alta,baixa,,,alta,alta,alta,alta,alta,alta,alta,alta,media,alta,[]
laudo_08.txt,ok,,loja,"Rua Sete de Setembro, 410, Salvador/BA",,,,118.0,,910000.0,,Ônus: não foi possível verificar por ausência de certidão.,,2025-04-29,Luciana Prado,CNAI 12345,loja,"Endereço: Rua Sete de Setembro, 410, Salvador/BA",,,,Área construída aproximada: 118 m²,,"R$ 910.000,00",,Ônus: não foi possível verificar por ausência de certidão.,,29/04/2025,Avaliadora responsável: Luciana Prado - CNAI 12345.,CNAI 12345,alta,alta,,,,alta,,alta,,alta,,alta,media,alta,[]
laudo_09.txt,ok,,casa,"Casa residencial na Alameda das Flores 88, Florianópolis/SC",,,420.0,198.0,2020,1080000.0,12.909,A certidão indica inexistência de ônus reais.,False,2025-05-03,Thiago Martins,CREA-SC 7654321,Casa,"Casa residencial na Alameda das Flores 88, Florianópolis/SC.",,,"Área do lote 420,00 m²","área construída 198,00 m²",Construção: 2020,"R$ 1.080.000,00",Matrícula 12.909,A certidão indica inexistência de ônus reais.,A certidão indica inexistência de ônus reais.,03/05/2025,"Responsável técnico: Eng. Thiago Martins, CREA-SC 7654321.",CREA-SC 7654321,alta,baixa,,,alta,alta,alta,alta,alta,alta,alta,alta,media,alta,[]
laudo_10.txt,ok,,apartamento,"Bem avaliando: apartamento no Condomínio Parque Norte, Brasília/DF, SQN 214, bloco C, apto 407",96.3,127.6,,,2016,735000.0,201.443,Gravames: alienação fiduciária mencionada na matrícula.,True,2025-05-09,Denise Carvalho,CREA-DF 112233,apartamento,"Bem avaliando: apartamento no Condomínio Parque Norte, Brasília/DF, SQN 214, bloco C, apto 407.","Área privativa 96,3 m²","Área total 127,6 m²",,,Ano de conclusão 2016,"R$ 735.000,00",matrícula 201.443,Gravames: alienação fiduciária mencionada na matrícula.,Gravames: alienação fiduciária mencionada na matrícula.,09/05/2025,"Perita: Denise Carvalho, CREA-DF 112233.",CREA-DF 112233,alta,baixa,alta,alta,,,alta,alta,alta,alta,alta,alta,media,alta,[]
laudo_11.txt,ok,,terreno,"Terreno para incorporação localizado na Rua Projetada 4, s/n, Santos, SP",,,1020.0,,,2450000.0,88.710,Ônus reais não informados.,,2025-05-16,Marcos Vieira,CREA-SP 5099988776,Terreno,"Terreno para incorporação localizado na Rua Projetada 4, s/n, Santos, SP.",,,Superfície: 1.020 m2,,,"R$ 2.450.000,00",Matrícula 88.710,Ônus reais não informados.,,16/05/2025,"Elaborado por: Marcos Vieira, Eng. Civil, CREA-SP 5099988776.",CREA-SP 5099988776,alta,baixa,,,alta,,,alta,alta,alta,,alta,media,alta,[]
laudo_12.txt,ok,,casa,"Rua das Bromélias, 500, Lago Sul, Brasília - DF",,,600.0,285.0,2012,2180000.0,54.122,Ônus: servidão de passagem registrada.,True,2025-05-23,Andréa Melo,CAU A445566-1,casa,"Local: Rua das Bromélias, 500, Lago Sul, Brasília - DF",,,terreno com 600 m²,Área construída de 285 m²,Ano informado: 2012,"R$ 2.180.000,00",Matrícula 54.122,Ônus: servidão de passagem registrada.,Ônus: servidão de passagem registrada.,23/05/2025,"Responsável pelo trabalho: Arq. Andréa Melo, CAU A445566-1.",CAU A445566-1,alta,alta,,,alta,alta,alta,alta,alta,alta,alta,alta,media,alta,[]
laudo_13.txt,ok,,apartamento,"Apartamento, Av. Brasil 1770, ap. 1201, Rio de Janeiro/RJ",,155.0,,,1987,1320000.0,145.230,"Ônus: penhora cancelada, conforme averbação; documento não informa data do cancelamento.",,2025-05-30,Eduardo Sampaio,CNAI 67890,Apartamento,"Apartamento, Av. Brasil 1770, ap. 1201, Rio de Janeiro/RJ.",,"Área total: 155,00m²",,,Ano de construção: 1987,"R$ 1.320.000,00",Matrícula 145.230,"Ônus: penhora cancelada, conforme averbação; documento não informa data do cancelamento.",,30/05/2025,"Avaliador: Eduardo Sampaio, CNAI 67890.",CNAI 67890,alta,baixa,,alta,,,alta,alta,alta,alta,,alta,media,alta,"[""Penhora cancelada sem data ou certidão atual; existência atual de ônus indeterminada.""]"
laudo_14.txt,ok,,galpao,"Rodovia BR-116, km 12, Betim/MG",,,3000.0,1450.0,,3900000.0,70.008,Não há menção a ônus.,,2025-06-05,Sérgio Tavares,CREA-MG 998877,galpão,"Endereço: Rodovia BR-116, km 12, Betim/MG",,,terreno: 3.000 m²,Área coberta: 1.450 m²,,R$ 3.900.000,Matrícula: 70.008,Não há menção a ônus.,,05/06/2025,"Responsável: Sérgio Tavares, CREA-MG 998877.",CREA-MG 998877,alta,alta,,,alta,alta,,alta,alta,alta,,alta,media,alta,[]
laudo_15.txt,ok,,casa,"Imóvel residencial: casa, Rua Monte Verde, 19, Curitiba-PR",,,200.0,135.0,2003,590000.0,39.240,A certidão consultada informa hipoteca ativa.,True,2025-06-12,Patrícia Gomes,CREA-PR 123123,casa,"Imóvel residencial: casa, Rua Monte Verde, 19, Curitiba-PR.",,,Área do terreno 200 m²,área construída 135 m²,Ano 2003,"R$ 590.000,00",Matrícula 39.240,A certidão consultada informa hipoteca ativa.,A certidão consultada informa hipoteca ativa.,12/06/2025,"Responsável técnico: Patrícia Gomes, Eng. Civil, CREA-PR 123123.",CREA-PR 123123,alta,baixa,,,alta,alta,alta,alta,alta,alta,alta,alta,media,alta,[]
laudo_16.txt,ok,,unidade_comercial,"Unidade comercial 14, Rua do Sol, 250, Campinas/SP",42.0,67.0,,,2010,288000.0,101.010,Ônus: sem informação.,,2025-06-19,Guilherme Rocha,CREA-SP 501010,Unidade comercial,"Unidade comercial 14, Rua do Sol, 250, Campinas/SP.","Área privativa: 42,00 m²","Área total: 67,00m²",,,Construído em 2010,"R$ 288.000,00",Matrícula 101.010,Ônus: sem informação.,,19/06/2025,"Responsável técnico: Guilherme Rocha, CREA-SP 501010.",CREA-SP 501010,alta,baixa,alta,alta,,,alta,alta,alta,alta,,alta,media,alta,[]
laudo_17.txt,ok,,apartamento,"Objeto: apartamento residencial na Rua Harmonia, 44, Vila Madalena, São Paulo/SP",70.0,,,,2015,610000.0,176.543,"Ônus: não há ônus, segundo declaração do proprietário; certidão não anexada.",False,2025-06-25,Marina Albuquerque,CREA-SP 5061234567,apartamento,"Objeto: apartamento residencial na Rua Harmonia, 44, Vila Madalena, São Paulo/SP.",Área privativa 70 m²,,,,Ano de construção: 2015,"R$ 610.000,00",Matrícula 176.543,"Ônus: não há ônus, segundo declaração do proprietário; certidão não anexada.","Ônus: não há ônus, segundo declaração do proprietário; certidão não anexada.",25/06/2025,"Responsável técnico: Marina Albuquerque, CREA-SP 5061234567.",CREA-SP 5061234567,alta,baixa,alta,,,,alta,alta,alta,alta,alta,alta,media,alta,"[""Contradição em area_total_m2: valores explícitos [92.0, 95.0]; valor nulo para revisão."", ""Contradição em area_total_m2: [92.0, 95.0]; valor nulo.""]"
